{
    "pagination":{
        "object_count":2,
        "page_number":1,
        "page_size":50,
        "page_count":1
    },
    "events":[
        {
            "name":{
                "text":"First BW- Event in London",
                "html":"First BW- Event in London"
            },
            "description":{
                "text":"Brand new event Location\u00a0 \nUsing Eventbrite API to display it. ",
                "html":"<P>Brand new event Location\u00a0<\/P>\n<P>Using Eventbrite API to display it.<\/P>"
            },
            "id":"24625209665",
            "url":"http://www.eventbrite.com/e/first-bw-event-in-london-tickets-24625209665",
            "start":{
                "timezone":"America/New_York",
                "local":"2016-05-23T19:00:00",
                "utc":"2016-05-23T23:00:00Z"
            },
            "end":{
                "timezone":"America/New_York",
                "local":"2016-05-23T22:00:00",
                "utc":"2016-05-24T02:00:00Z"
            },
            "created":"2016-04-13T14:58:48Z",
            "changed":"2016-04-13T15:00:51Z",
            "capacity":0,
            "status":"draft",
            "currency":"USD",
            "listed":false,
            "shareable":false,
            "invite_only":true,
            "password":"cake_ageless_botan",
            "online_event":false,
            "show_remaining":false,
            "tx_time_limit":480,
            "hide_start_date":false,
            "locale":"en_US",
            "is_locked":false,
            "privacy_setting":"unlocked",
            "is_series":false,
            "is_series_parent":false,
            "is_reserved_seating":false,
            "logo_id":"20284108",
            "organizer_id":"10661823970",
            "venue_id":"14703227",
            "category_id":null,
            "subcategory_id":null,
            "format_id":null,
            "resource_uri":"https://www.eventbriteapi.com/v3/events/24625209665/",
            "logo":{
                "id":"20284108",
                "url":"https://img.evbuc.com/https%3A%2F%2Fimg.evbuc.com%2Fhttp%253A%252F%252Fcdn.evbuc.com%252Fimages%252F20284108%252F164985852860%252F1%252Foriginal.jpg%3Frect%3D49%252C15%252C250%252C125%26s%3Dd4f6dfe4954c3bebe3de4d0db4369b90?h=200&w=450&s=c354463d527ba884c896dbab2444ce00",
                "aspect_ratio":"2",
                "edge_color":"#91b4c9",
                "edge_color_set":true
            }
        },
        {
            "name":{
                "text":"2nd Edition of BW-London",
                "html":"2nd Edition of BW-London"
            },
            "description":{
                "text":"2nd edition of our famous Event held online, live from our London offices ",
                "html":"<P>2nd edition of our famous Event held online, live from our London offices<\/P>"
            },
            "id":"24625345070",
            "url":"http://www.eventbrite.com/e/2nd-edition-of-bw-london-tickets-24625345070",
            "start":{
                "timezone":"America/New_York",
                "local":"2016-05-28T19:00:00",
                "utc":"2016-05-28T23:00:00Z"
            },
            "end":{
                "timezone":"America/New_York",
                "local":"2016-05-28T20:00:00",
                "utc":"2016-05-29T00:00:00Z"
            },
            "created":"2016-04-13T15:04:26Z",
            "changed":"2016-04-13T15:04:27Z",
            "capacity":0,
            "status":"draft",
            "currency":"USD",
            "listed":false,
            "shareable":false,
            "invite_only":true,
            "password":"judea_sternum_chrome",
            "online_event":true,
            "show_remaining":false,
            "tx_time_limit":480,
            "hide_start_date":false,
            "locale":"en_US",
            "is_locked":false,
            "privacy_setting":"unlocked",
            "is_series":false,
            "is_series_parent":false,
            "is_reserved_seating":false,
            "logo_id":null,
            "organizer_id":"10661847131",
            "venue_id":null,
            "category_id":null,
            "subcategory_id":null,
            "format_id":null,
            "resource_uri":"https://www.eventbriteapi.com/v3/events/24625345070/",
            "logo":null
        }
    ]
}